rank,business,phone,city,state,timezone,call_window_their_time,street,trade,notes,source
1,C & A Auto Service,(818) 901-9757,Van Nuys,CA,Pacific,10-11:30am or 1:30-3:30pm (never at drop-off or pickup),14122 Vanowen St,general repair,"Owner Chai, 10+ years. 5.0 stars on 28 Yelp reviews. Family owned. No own website found.","verified Sept 28 2026: name and city searched, no own website found. Phone from directories, not dialed"
2,Prime Auto Mechanic,(818) 508-1615,North Hollywood,CA,Pacific,10-11:30am or 1:30-3:30pm (never at drop-off or pickup),4368 Lankershim Blvd,general repair,"Owner Nazo. Est. 1994. Neighbors recommend him on Nextdoor as honest, no pressure. No own website found.","verified Sept 28 2026: name and city searched, no own website found. Phone from directories, not dialed"
3,Edvin's Auto Repair,(818) 421-8964,Sun Valley,CA,Pacific,10-11:30am or 1:30-3:30pm (never at drop-off or pickup),10863 Penrose St,general repair,"Owner Edvin, certified tech, 25+ years. Est. 2013. 31 Yelp reviews praising honesty. Instagram only, no own website found.","verified Sept 28 2026: name and city searched, no own website found. Phone from directories, not dialed"
4,P J's Auto Repair,(818) 768-7867,Sun Valley,CA,Pacific,10-11:30am or 1:30-3:30pm (never at drop-off or pickup),8957 Glenoaks Blvd,general repair,"Owner Peter, same owner 25+ years. 4.6 stars. Reviews call him honest. No own website found.","verified Sept 28 2026: name and city searched, no own website found. Phone from directories, not dialed"
5,E Z #2 Auto Repair,(818) 834-5838,Pacoima,CA,Pacific,10-11:30am or 1:30-3:30pm (never at drop-off or pickup),11530 Glenoaks Blvd,general repair,Managed by Fabian Leyva Jr. Est. 2002. 4.5 stars on 17 reviews. Import and domestic. No own website found.,"verified Sept 28 2026: name and city searched, no own website found. Phone from directories, not dialed"
6,A-1 Auto Repair,(818) 766-5338,North Hollywood,CA,Pacific,10-11:30am or 1:30-3:30pm (never at drop-off or pickup),11474 Burbank Blvd,general repair,Owners Herman Ribas and Miguel. Mechanical and body. 16 Yelp reviews. No own website found.,"verified Sept 28 2026: name and city searched, no own website found. Phone from directories, not dialed"
7,Universal AC & Auto Repair,(818) 763-7541,North Hollywood,CA,Pacific,10-11:30am or 1:30-3:30pm (never at drop-off or pickup),4701 Lankershim Blvd Unit B,general repair,4.4 stars on 59 Yelp reviews. AC and smog focus. Staff Avo and Chris named in reviews. No own website found.,"verified Sept 28 2026: name and city searched, no own website found. Phone from directories, not dialed"
8,Universal German Auto Repair,(818) 317-9454,Sun Valley,CA,Pacific,10-11:30am or 1:30-3:30pm (never at drop-off or pickup),11066 Tuxford St Unit C,general repair,"European specialist (Mercedes, BMW, Porsche), 20+ years. Parts center on site. No own repair website found.","verified Sept 28 2026: name and city searched, no own website found. Phone from directories, not dialed"
9,Mechanic Shop El Michoacano,(818) 899-4114,Pacoima,CA,Pacific,10-11:30am or 1:30-3:30pm (never at drop-off or pickup),9971 San Fernando Rd,general repair,"Family owned, est. 2006. BROKEN LINK: its only site was a free Google business.site page, and Google shut those down in 2024. 5.0 stars on 3 reviews.","verified Sept 28 2026: name and city searched, no own website found. Phone from directories, not dialed"
10,Auto Valley Service,(818) 394-9061,Sun Valley,CA,Pacific,10-11:30am or 1:30-3:30pm (never at drop-off or pickup),8969 Laurel Canyon Blvd,general repair,"ASE certified, walk-ins welcome, motor, transmission, AC. Facebook only, no own website found. Confirm phone.","verified Sept 28 2026: name and city searched, no own website found. Phone from directories, not dialed"
11,Edgar's Auto Shop,(818) 786-5147,Van Nuys,CA,Pacific,10-11:30am or 1:30-3:30pm (never at drop-off or pickup),7330 Van Nuys Blvd Ste 8,general repair,"Owner Edgar, 24 years. Mixed reviews, so the review program is the pitch. No own website found.","verified Sept 28 2026: name and city searched, no own website found. Phone from directories, not dialed"
12,Eva's Mechanic Shop,(818) 686-2433,Pacoima,CA,Pacific,10-11:30am or 1:30-3:30pm (never at drop-off or pickup),9871 San Fernando Rd Unit 6,general repair,"All repairs, same-day service praised in reviews. Few reviews. Facebook only, no own website found.","verified Sept 28 2026: name and city searched, no own website found. Phone from directories, not dialed"
13,Arturo's Auto Repair,(818) 896-9859,Pacoima,CA,Pacific,10-11:30am or 1:30-3:30pm (never at drop-off or pickup),13123 Paxton St,general repair,"10+ years, motors and transmissions. 3.5 on 3 Yelp reviews, higher elsewhere. Cash and check. No own website found. Lowest priority.","verified Sept 28 2026: name and city searched, no own website found. Phone from directories, not dialed"
14,Moss Automotive,(806) 372-9302,Amarillo,TX,Central,10-11:30am or 1:30-3:30pm (never at drop-off or pickup),2411 SW 3rd Ave,general repair,Owner Mike Barnes. 72 years in business. 4.7 stars on 50 reviews. Nextdoor Neighborhood Favorite five years. Cash only. No own website found.,"verified Sept 28 2026: name and city searched, no own website found. Phone from directories, not dialed"
15,Barney's Auto Service,(806) 373-1671,Amarillo,TX,Central,10-11:30am or 1:30-3:30pm (never at drop-off or pickup),810 N Western St,general repair,"Since 1983, BBB accredited since 1996. 4.9 stars on about 120 reviews. Facebook only, no own website found. Second number listed: (806) 373-9746.","verified Sept 28 2026: name and city searched, no own website found. Phone from directories, not dialed"
16,Young's Automotive,(806) 353-4113,Amarillo,TX,Central,10-11:30am or 1:30-3:30pm (never at drop-off or pickup),6640 Canyon Dr,general repair,"Owner Anthony Young. Since 1992, BBB accredited. 5.0 on 20 CARFAX reviews, Nextdoor favorite. NAPA AutoCare member, so NAPA may pitch them too. No own website found.","verified Sept 28 2026: name and city searched, no own website found. Phone from directories, not dialed"
17,Taylor's Auto Repair,(806) 374-6520,Amarillo,TX,Central,10-11:30am or 1:30-3:30pm (never at drop-off or pickup),1304 N Hughes St,general repair,"Honda specialist, alignment, inspections. Directories only, no own website found.","verified Sept 28 2026: name and city searched, no own website found. Phone from directories, not dialed"
18,Monkey Mike's Auto Repair,(806) 701-5103,Lubbock,TX,Central,10-11:30am or 1:30-3:30pm (never at drop-off or pickup),6601 University Ave,general repair,"Est. 2014. About 169 Birdeye reviews, mixed. Transmission replacements. No own website found. Reviews are the pitch.","verified Sept 28 2026: name and city searched, no own website found. Phone from directories, not dialed"
19,Automotive Maintenance & Repair,(316) 945-3700,Wichita,KS,Central,10-11:30am or 1:30-3:30pm (never at drop-off or pickup),1831 Southwest Blvd,general repair,"4.9 stars on 83 reviews. Appointment by phone only. Only a free directory page, no own website found.","verified Sept 28 2026: name and city searched, no own website found. Phone from directories, not dialed"
20,Professional Automotive Repair,(316) 945-2605,Wichita,KS,Central,10-11:30am or 1:30-3:30pm (never at drop-off or pickup),4231 W Central Ave,general repair,Est. 2007. Reviews praise clear explanations and courtesy rides. No own website found.,"verified Sept 28 2026: name and city searched, no own website found. Phone from directories, not dialed"
