n,business,ask_for,phone,alt_phone,city,state,street,type,call_your_time,note
1,The Best Tree Care Service,,(818) 457-8619,,Reseda,CA,,tree service,8-10am or 3:30-5:30pm,"66 Yelp reviews, open 24 hours. Yelp is its only web presence."
2,Reyes Tree Services,,(818) 341-3786,,Northridge,CA,8754 Oak Park Ave,tree service,8-10am or 3:30-5:30pm,"Family owned, 25+ years, 97 Yelp reviews. Mon to Sat 8 to 5."
3,Granada Tree Service,,(818) 849-8546,,Granada Hills,CA,16716 Horace St,tree service,8-10am or 3:30-5:30pm,25+ years in the Valley. Mon to Sat 6am to 7pm.
4,Stott's Tree Service,Michael Stott,(818) 563-4455,,Burbank,CA,1030 E Cypress Ave,tree service,8-10am or 3:30-5:30pm,"Owner Michael Stott. In business since 1998, state tree service license, 54 Yelp reviews."
5,Professional Tree Service,,(818) 353-5927,,Sunland,CA,8250 Oswego St,tree service,8-10am or 3:30-5:30pm,"56 Yelp reviews. Mon to Fri 7 to 7, Sat 7 to 6."
6,Culture Tree Service,,(818) 262-1397,,Panorama City,CA,,tree service,8-10am or 3:30-5:30pm,"By appointment, 24-hour emergency calls. Also does gardening."
7,Martinez Tree Service,,(323) 237-4597,,Panorama City,CA,8225 Sepulveda Blvd,tree service,8-10am or 3:30-5:30pm,"Thin listing: 1 Yelp review, open 24/7. Confirm they still operate."
8,Pablo's Tree Service,,(805) 587-7653,,Simi Valley,CA,,tree service,8-10am or 3:30-5:30pm,"Contractor license 1130106 (active to 12/2026), incorporated 2023, open 24 hours, 13 Yelp reviews."
9,Al's Tree Service & Landscapes,Alvaro Avila,(805) 279-6462,,Camarillo,CA,710 Mesa Dr,tree service,8-10am or 3:30-5:30pm,"Owner Alvaro Avila (with Cindy Castro Avila). State tree service license, LLC since 2021, 15+ years."
10,Octavio's Tree Service,Eric,(562) 480-3818,,Long Beach,CA,,tree service,8-10am or 3:30-5:30pm,"Since 1990, 486 Yelp reviews, no website of its own. Ask for Eric. Daily 8 to 8."
11,Pearloga Tree Service,George Perez,(562) 355-2517,(562) 485-8350,Long Beach,CA,715 E South St,tree service,8-10am or 3:30-5:30pm,"Only web page is a free Jobber booking page. Owner George Perez, since 2000, 194 Yelp reviews."
12,Phil's Arbor Care,,(562) 560-3119,,Long Beach,CA,230 W 3rd St #701,tree service,8-10am or 3:30-5:30pm,"Second-generation arborist, family since 1977. Contractor license 1076339 (tree service)."
13,Dr Rogers Tree Service,Brayan Salazar,(562) 608-5232,,Bellflower,CA,,tree service,8-10am or 3:30-5:30pm,"Owner Brayan Salazar. 122 Yelp reviews, 5 stars. Daily 6:30 to 5."
14,GreenTree Tree Service,,(562) 232-6612,,Bellflower,CA,8636 Rose St,tree service,8-10am or 3:30-5:30pm,"10+ years. Small listing, confirm who answers."
15,Top Unit Tree Service,George and David Poe,(562) 881-1281,,Norwalk,CA,12634 Molette St,tree service,8-10am or 3:30-5:30pm,"Owners George and David Poe, 30+ years, 215 Yelp reviews. On HomeAdvisor."
16,Hala's Tree Care,,(562) 307-1108,,Whittier,CA,13264 Beaty Ave,tree service,8-10am or 3:30-5:30pm,"Family owned since 1985, 22 Yelp reviews. Daily 7 to 7."
17,Bustamante Tree Service,Luis Antonio Gonzalez,(909) 489-3331,,South Gate,CA,10520 Hildreth Ave,tree service,8-10am or 3:30-5:30pm,"Contractor license 1114289 (clear), incorporated 2023, Luis Antonio Gonzalez."
18,M&J Tree Service,Evangelina and Ricardo Mota,(626) 391-1064,,West Covina,CA,1906 E Cortez St,tree service,8-10am or 3:30-5:30pm,Owners Evangelina and Ricardo Mota. Mon to Sat 8 to 5.
19,Premium Tree Service,,(909) 815-9552,,West Covina,CA,,tree service,8-10am or 3:30-5:30pm,"Family owned, est. 2017, 15+ years experience, open 24/7."
20,Menos Tree Service,,(909) 622-5412,,Pomona,CA,906 Sheridan Ave,tree service,8-10am or 3:30-5:30pm,"Since 1995, state tree service license, 51 Yelp reviews. On Thumbtack."
21,Elenes Tree Service,,(909) 534-1185,,Rialto,CA,619 N Lamarr St,tree service,8-10am or 3:30-5:30pm,"Family since 1999, 237 Yelp reviews. Daily 6am to 10pm."
22,Ayala's Tree Service,Jesus and Juan Manuel Ayala,(909) 936-1123,,Rialto,CA,240 W Woodcrest St,tree service,8-10am or 3:30-5:30pm,"Owners Jesus and Juan Manuel Ayala. Contractor license 906890, 20+ years."
23,Gary's Tree Service & Stump Removal,,(760) 240-0746,(760) 486-5779,Apple Valley,CA,13643 Navajo Rd,tree service,8-10am or 3:30-5:30pm,28+ years. Mon to Sat 7 to 7.
24,Conquer Tree Service,Joshua Wynn,(316) 553-3016,(316) 779-9061,Wichita,KS,,tree service,6-8am or 1:30-3:30pm,"Owner/operator Joshua Wynn, started 4/2022, 5.0 rating, open 24 hours."
25,Loard Phillips Tree Service & Removal,Loard Phillips,(918) 282-4198,,Tulsa,OK,1144 S 83rd East Ave,tree service,6-8am or 1:30-3:30pm,"Owner Loard Phillips. Yelp, BBB and Nextdoor only, 70 photos on Yelp. phillipstreeserviceusa.com is a different company."
26,A Treemendous Tree Service,Taylor,(806) 340-2228,,Amarillo,TX,1103 Meritta St,tree service,6-8am or 1:30-3:30pm,Team led by Taylor (confirm owner). Open 7am to 9pm daily.
27,Hardwoods Tree Service,,(806) 782-8190,,Lubbock,TX,1881 County Road 109,tree service,6-8am or 1:30-3:30pm,"5.0 on Angi, open 7am-10pm daily. Angi, HomeAdvisor and Yelp only."
28,Affordable Tree Service,David Holley,(260) 478-1192,(260) 264-2959,Fort Wayne,IN,8031 Kinnerk Rd,tree service,5-7am or 12:30-2:30pm,"BBB accredited, 36 years, 5.0 rating, president David Holley. Manta shows a website field with no URL behind it."
29,All About Tree & Turf Services,Darick,(260) 888-9174,,Fort Wayne,IN,2401 Miner St Ste 200,tree service,5-7am or 12:30-2:30pm,"Owner Darick, 30 years in the trade. Open Sundays and overnight, takes storm work. Facebook only."
30,Boling & Family Tree Service,Brandy Boling,(865) 385-3441,,Knoxville,TN,529 Dry Hollow Rd,tree service,5-7am or 12:30-2:30pm,"Owner Brandy Boling, 10 years. 24-hour emergency work. Facebook only."
31,Ray's Garage & Performance (was C & A Auto Service),Ray (or Ric),(818) 901-9757,,Van Nuys,CA,14122 Vanowen St,auto repair,10-11:30am or 2-4pm,New owners Ray and Ric since 2022; listings still say C & A. Ask for Ray. Closed Saturdays.
32,Prime Auto Mechanic,Nazo,(818) 508-1615,,North Hollywood,CA,4368 Lankershim Blvd,auto repair,10-11:30am or 2-4pm,Owner Nazo. Est. 1994.
33,Edvin's Auto Repair,Edvin,(818) 421-8964,,Sun Valley,CA,10863 Penrose St,auto repair,10-11:30am or 2-4pm,"Owner Edvin, certified tech, 25+ years. Est. 2013. 31 Yelp reviews praising honesty."
34,P J's Auto Repair,Peter,(818) 768-7867,,Sun Valley,CA,8957 Glenoaks Blvd,auto repair,10-11:30am or 2-4pm,"Owner Peter, same owner 25+ years. 4.6 stars. Reviews call him honest."
35,A-1 Auto Repair,Herman Ribas,(818) 766-5338,,North Hollywood,CA,11474 Burbank Blvd,auto repair,10-11:30am or 2-4pm,Owners Herman Ribas and Miguel. Mechanical and body. 16 Yelp reviews.
36,Universal AC & Auto Repair,,(818) 763-7541,,North Hollywood,CA,4701 Lankershim Blvd Unit B,auto repair,10-11:30am or 2-4pm,4.4 stars on 59 Yelp reviews. AC and smog focus.
37,Auto Valley Service,,(818) 394-9061,,Sun Valley,CA,8969 Laurel Canyon Blvd,auto repair,10-11:30am or 2-4pm,"ASE certified, walk-ins welcome, motor, transmission, AC. Facebook only, no own website found."
38,Eva's Mechanic Shop,,(818) 686-2433,,Pacoima,CA,9871 San Fernando Rd Unit 6,auto repair,10-11:30am or 2-4pm,"All repairs, same-day service praised in reviews. Few reviews."
39,El Tigre Auto Repair,,(818) 400-1732,,Pacoima,CA,12630 Osborne St Unit 6,auto repair,10-11:30am or 2-4pm,"Family owned, 35+ years, ASE certified, English and Spanish. Instagram and TikTok only."
40,SFV Auto Center,Sevak Yagubyan (listed agent),(424) 444-9454,,Sun Valley,CA,9063 San Fernando Rd,auto repair,10-11:30am or 2-4pm,"Instagram only. Out-of-area number, likely the owner's cell."
41,United Auto Center,,(818) 503-0898,,North Hollywood,CA,6719 Lankershim Blvd,auto repair,10-11:30am or 2-4pm,53 Yelp reviews. Directories only.
42,General Mechanic & AC Auto Repair,Javier,(818) 679-0353,,Van Nuys,CA,17630 Sherman Way Unit D,auto repair,10-11:30am or 2-4pm,"The shop in the same building (O.R. General) has a website; this one doesn't. Owner Javier, A/C specialist."
43,Gio Auto Repair,,(818) 988-0449,,Van Nuys,CA,15650 A Sherman Way,auto repair,10-11:30am or 2-4pm,Open since 1990. Yellow Pages shows 'Add Website'.
44,Set A Part Automotive,Saeed,(818) 909-0219,,Van Nuys,CA,15237 Sherman Way,auto repair,10-11:30am or 2-4pm,Engines and rebuilds. 24 Yelp reviews. Directories only.
45,Mike's Auto Repair,Mike,(818) 786-5214,,Panorama City,CA,14444 Lanark St,auto repair,10-11:30am or 2-4pm,"About 47 years in business. Cars, trucks, motor homes."
46,R & H Auto Repair,,(818) 895-1077,,North Hills,CA,8739 Sepulveda Blvd Ste G,auto repair,10-11:30am or 2-4pm,Family owned since 1998. Japanese and American cars. 4.7 on 24 reviews.
47,Valley Auto Repair,,(818) 376-1072,,Panorama City,CA,7670 Woodman Ave Ste 4,auto repair,10-11:30am or 2-4pm,Smog and maintenance. Directories only.
48,Signature Automotive Repair,Fred,(818) 232-8162,,North Hollywood,CA,4876 Lankershim Blvd,auto repair,10-11:30am or 2-4pm,"Best opener: the website on its listings (nohosignature.com) is a parked page. Owner Fred, 125 Yelp reviews."
49,Professional Automotive Repair,,(316) 945-2605,,Wichita,KS,4231 W Central Ave,auto repair,8-9:30am or 12-2pm,"33 years in business, Yelp is its main web presence. Mon to Fri 8 to 5:30."
50,Double J's Auto Repair,,(316) 806-4881,,Wichita,KS,Campus St near 55th & S Seneca,auto repair,8-9:30am or 12-2pm,"Owner James. Small, privately owned."
