n,niche,business,phone,city,state,timezone,call_window_their_time,street,trade,notes,website_check
1,auto,Ray's Garage & Performance (was C & A Auto Service),(818) 901-9757,Van Nuys,CA,Pacific,10-11:30am or 1:30-3:30pm (never at drop-off or pickup),14122 Vanowen St,general repair,"Same shop, same phone, new owners: Ray and Ric took over from C & A (corporation filed Oct 2022). Signs and some directories still say C & A. Ask for Ray. Open Mon to Fri 9 to 6, closed Saturday. Instagram @_raysgarage. Only web page is a free builder page still under the old name (c-a-auto-center.edan.io), not a site of its own.",rechecked Sept 28 evening: no website of its own. A free builder page exists under the old C & A name. Google listing itself not viewable from here
2,auto,Prime Auto Mechanic,(818) 508-1615,North Hollywood,CA,Pacific,10-11:30am or 1:30-3:30pm (never at drop-off or pickup),4368 Lankershim Blvd,general repair,"Owner Nazo. Est. 1994. Neighbors recommend him on Nextdoor as honest, no pressure. No own website found.","rechecked again Sept 28 evening: still open, phone confirmed, no website of its own"
3,auto,Edvin's Auto Repair,(818) 421-8964,Sun Valley,CA,Pacific,10-11:30am or 1:30-3:30pm (never at drop-off or pickup),10863 Penrose St,general repair,"Owner Edvin, certified tech, 25+ years. Est. 2013. 31 Yelp reviews praising honesty. Instagram only, no own website found. Instagram only","rechecked again Sept 28 evening: still open, phone confirmed, no website of its own"
4,auto,P J's Auto Repair,(818) 768-7867,Sun Valley,CA,Pacific,10-11:30am or 1:30-3:30pm (never at drop-off or pickup),8957 Glenoaks Blvd,general repair,"Owner Peter, same owner 25+ years. 4.6 stars. Reviews call him honest. No own website found. Yelp files it under gas stations","rechecked again Sept 28 evening: still open, phone confirmed, no website of its own"
5,auto,A-1 Auto Repair,(818) 766-5338,North Hollywood,CA,Pacific,10-11:30am or 1:30-3:30pm (never at drop-off or pickup),11474 Burbank Blvd,general repair,Owners Herman Ribas and Miguel. Mechanical and body. 16 Yelp reviews. No own website found. owners Miguel and Herman Ribas; 4.9 on 35 reviews,"rechecked again Sept 28 evening: still open, phone confirmed, no website of its own"
6,auto,Universal AC & Auto Repair,(818) 763-7541,North Hollywood,CA,Pacific,10-11:30am or 1:30-3:30pm (never at drop-off or pickup),4701 Lankershim Blvd Unit B,general repair,4.4 stars on 59 Yelp reviews. AC and smog focus. Staff Avo and Chris named in reviews. No own website found.,"rechecked again Sept 28 evening: still open, phone confirmed, no website of its own"
7,auto,Auto Valley Service,(818) 394-9061,Sun Valley,CA,Pacific,10-11:30am or 1:30-3:30pm (never at drop-off or pickup),8969 Laurel Canyon Blvd,general repair,"ASE certified, walk-ins welcome, motor, transmission, AC. Facebook only, no own website found. Confirm phone.","rechecked again Sept 28 evening: still open, phone confirmed, no website of its own"
8,auto,Eva's Mechanic Shop,(818) 686-2433,Pacoima,CA,Pacific,10-11:30am or 1:30-3:30pm (never at drop-off or pickup),9871 San Fernando Rd Unit 6,general repair,"All repairs, same-day service praised in reviews. Few reviews. Facebook only, no own website found.","rechecked again Sept 28 evening: still open, phone confirmed, no website of its own"
9,auto,El Tigre Auto Repair,(818) 400-1732,Pacoima,CA,Pacific,10-11:30am or 1:30-3:30pm (never at drop-off or pickup),12630 Osborne St Unit 6,general repair,"Family owned, 35+ years, ASE certified, English and Spanish. Instagram and TikTok only.","rechecked again Sept 28 evening: still open, phone confirmed, no website of its own"
10,auto,Action Auto Center,(818) 504-0932,Sun Valley,CA,Pacific,10-11:30am or 1:30-3:30pm (never at drop-off or pickup),9043 San Fernando Rd,general repair,"Directories only. A shop at the same address (Action Auto Motorsport) had a Google business.site page, now dead. CHECK FIRST: Acme Auto (818-768-5051) is also listed at 9043 San Fernando Rd since 2025, and Action Auto Motorsport there is marked closed. Confirm the name when they answer; if it is Acme now, update the lead.","rechecked Sept 28 evening: phone confirmed, no website. Another business is listed at the same address, so confirm the name on the call"
11,auto,SFV Auto Center,(424) 444-9454,Sun Valley,CA,Pacific,10-11:30am or 1:30-3:30pm (never at drop-off or pickup),9063 San Fernando Rd,general repair,"Instagram only. Out-of-area number, likely the owner's cell.","rechecked again Sept 28 evening: still open, phone confirmed, no website of its own"
12,auto,United Auto Center,(818) 503-0898,North Hollywood,CA,Pacific,10-11:30am or 1:30-3:30pm (never at drop-off or pickup),6719 Lankershim Blvd,general repair,53 Yelp reviews. Directories only.,"rechecked again Sept 28 evening: still open, phone confirmed, no website of its own"
13,auto,General Mechanic & AC Auto Repair,(818) 679-0353,Van Nuys,CA,Pacific,10-11:30am or 1:30-3:30pm (never at drop-off or pickup),17630 Sherman Way Unit D,general repair,"Run by Javier Salazar. A/C specialist (R134 and R-1234YF). BBB, Yelp, YP only. Owner Javier. O.R. General Auto Repair shares the address with a different phone and has its own website; not the same shop. That is your opener: the shop next door comes up online, this one does not.","rechecked again Sept 28 evening: still open, phone confirmed, no website of its own"
14,auto,Gio Auto Repair,(818) 988-0449,Van Nuys,CA,Pacific,10-11:30am or 1:30-3:30pm (never at drop-off or pickup),15650 A Sherman Way,general repair,Open since 1990. Yellow Pages shows 'Add Website'.,"rechecked again Sept 28 evening: still open, phone confirmed, no website of its own"
15,auto,Set A Part Automotive,(818) 909-0219,Van Nuys,CA,Pacific,10-11:30am or 1:30-3:30pm (never at drop-off or pickup),15237 Sherman Way,general repair,Engines and rebuilds. 24 Yelp reviews. Directories only.,"rechecked again Sept 28 evening: still open, phone confirmed, no website of its own"
16,auto,Mike's Auto Repair,(818) 786-5214,Panorama City,CA,Pacific,10-11:30am or 1:30-3:30pm (never at drop-off or pickup),14444 Lanark St,general repair,"About 47 years in business. Cars, trucks, motor homes. Not the big Mike's on Burbank Blvd.","rechecked again Sept 28 evening: still open, phone confirmed, no website of its own"
17,auto,R & H Auto Repair,(818) 895-1077,North Hills,CA,Pacific,10-11:30am or 1:30-3:30pm (never at drop-off or pickup),8739 Sepulveda Blvd Ste G,general repair,Family owned since 1998. Japanese and American cars. 4.7 on 24 reviews.,"rechecked again Sept 28 evening: still open, phone confirmed, no website of its own"
18,auto,Valley Auto Repair,(818) 376-1072,Panorama City,CA,Pacific,10-11:30am or 1:30-3:30pm (never at drop-off or pickup),7670 Woodman Ave Ste 4,general repair,Smog and maintenance. Directories only.,"rechecked again Sept 28 evening: still open, phone confirmed, no website of its own"
19,auto,Signature Automotive Repair,(818) 232-8162,North Hollywood,CA,Pacific,10-11:30am or 1:30-3:30pm (never at drop-off or pickup),4876 Lankershim Blvd,general repair,"Owner Fred. Hybrid and electrical specialist, since 2012, 125 Yelp reviews. Uses a review platform (SureCritic) but no own site found. UPDATE Sept 28: directories list nohosignature.com as its website, and that address shows a parked registrar page, not a site. Owner Fred. Opener: customers who click the website on your listing land on a parked page.","rechecked Sept 28 evening: listed website nohosignature.com is a parked page, so no working site. Strongest opener on the list"
20,auto,Taylor's Auto Repair,(806) 374-6520,Amarillo,TX,Central,10-11:30am or 1:30-3:30pm (never at drop-off or pickup),1304 N Hughes St,general repair,"Honda specialist, alignment, inspections. Directories only, no own website found.","rechecked again Sept 28 evening: still open, phone confirmed, no website of its own"
21,auto,Professional Automotive Repair,(316) 945-2605,Wichita,KS,Central,10-11:30am or 1:30-3:30pm (never at drop-off or pickup),4231 W Central Ave,general repair,Est. 2007. Reviews praise clear explanations and courtesy rides. No own website found.,"rechecked again Sept 28 evening: still open, phone confirmed, no website of its own"
22,auto,Double J's Auto Repair,(316) 806-4881,Wichita,KS,Central,10-11:30am or 1:30-3:30pm (never at drop-off or pickup),Campus St near 55th & S Seneca,general repair,"Owner James. Small, privately owned. Facebook and Nextdoor only.","rechecked again Sept 28 evening: still open, phone confirmed, no website of its own"
23,tree,Conquer Tree Service,(316) 553-3016,Wichita,KS,Central,7-8am or 4-6pm,,"24/7 emergency, removal, stump grinding","Owner/operator Joshua Wynn, started 4/2022, 5.0 rating, open 24 hours. Emergency tree work is the single most search-driven job on this sheet. Yelp and BBB list (316) 553-3016 (confirmed Sept 28). If no answer, try the older number (316) 779-9061.","rechecked again Sept 28 evening: still open, phone confirmed, no website of its own"
24,tree,Loard Phillips Tree Service & Removal,(918) 282-4198,Tulsa,OK,Central,7-8am or 4-6pm,1144 S 83rd East Ave,"trimming, removal, planting","Yelp, BBB, Nextdoor only. 70 photos posted on Yelp — they are already doing the work of marketing, just on rented land. phillipstreeserviceusa.com belongs to another company in Mississippi, not this one","rechecked again Sept 28 evening: still open, phone confirmed, no website of its own"
25,tree,A Treemendous Tree Service,(806) 340-2228,Amarillo,TX,Central,7-8am or 4-6pm,1103 Meritta St,"pruning, removal, planting, stump grinding","Team led by Taylor (confirm owner). Open 7am to 9pm daily. Reviews praise honesty and price. Nextdoor, BBB, Yelp only. No own website found. owner Taylor Houtchens","rechecked again Sept 28 evening: still open, phone confirmed, no website of its own"
26,tree,Hardwoods Tree Service,(806) 782-8190,Lubbock,TX,Central,7-8am or 4-6pm,1881 County Road 109,"tree service, difficult removals","5.0 on Angi, open 7am-10pm daily. Angi, HomeAdvisor and Yelp only. Competitors in the same search (SavATree, C+K, Hildebrandt) all run real sites.","rechecked again Sept 28 evening: still open, phone confirmed, no website of its own"
27,tree,Affordable Tree Service,(260) 478-1192,Fort Wayne,IN,Eastern,7-8am or 4-6pm,8031 Kinnerk Rd,tree service,"BBB accredited, 36 years, 5.0 rating, president David Holley. Manta shows a website field with no URL behind it. Both numbers are listed (confirmed Sept 28): (260) 478-1192 first, then (260) 264-2959. Open Mon to Fri 8 to 5 Eastern.","rechecked again Sept 28 evening: still open, phone confirmed, no website of its own"
28,tree,All About Tree & Turf Services,(260) 888-9174,Fort Wayne,IN,Eastern,7-8am or 4-6pm,2401 Miner St Ste 200,"arborist, removal, stump, transplanting","Owner Darick, 30 years in the trade. Open Sundays and overnight — takes storm work, which is emergency search. owner Darick, 30 years; Facebook only","rechecked again Sept 28 evening: still open, phone confirmed, no website of its own"
29,tree,Boling & Family Tree Service,(865) 385-3441,Knoxville,TN,Eastern,7-8am or 4-6pm,529 Dry Hollow Rd,tree service,Facebook page (facebook.com/bolingfamilytrees) is the entire web presence. Assistants rarely cite a Facebook page as a business's home. owner Brandy Boling,"rechecked again Sept 28 evening: still open, phone confirmed, no website of its own"
30,training,Felix Fitness Personal Training,(305) 926-2618,Burbank,CA,Pacific,10am-noon or 1-3pm (between the morning and evening rush),1611 W Verdugo Ave,personal training studio,"Owner Mal Felix. Open since 2017, 25 Yelp reviews. Out-of-state area code, so this is likely his cell. only an ipersonaltrainer.net profile","rechecked again Sept 28 evening: still open, phone confirmed, no website of its own"
31,training,Rodriguez Boxing Gym,(661) 401-5338,Bakersfield,CA,Pacific,10am-noon or 1-3pm (between the morning and evening rush),"3600 Chester Ave, Ste B",boxing gym,"Diego Rodriguez. Open since 2022. Number confirmed Sept 28 on Yelp. (323) 963-1035 is Rodriguez Boxing Equipment, the gear store in the same building, not the gym.","rechecked again Sept 28 evening: still open, phone confirmed, no website of its own"
32,training,Victory Boxing Studios,(661) 379-2793,Bakersfield,CA,Pacific,10am-noon or 1-3pm (between the morning and evening rush),5640 District Blvd Ste 128,boxing gym,Coaches Oscar and Lee. Mindbody and WellnessLiving booking pages only,"rechecked again Sept 28 evening: still open, phone confirmed, no website of its own"
33,training,Buhawe Fighting Alliance,(559) 349-5811,Fresno,CA,Pacific,10am-noon or 1-3pm (between the morning and evening rush),149 Fulton St,"boxing, muay thai, MMA","Coach Jasper Tayaba. Muay Thai and MMA, kids class Saturdays. Facebook and Tapology only.","rechecked again Sept 28 evening: still open, phone confirmed, no website of its own"
34,training,Personal Trainer Darryl Prophet,(928) 509-2660,Yuma,AZ,Arizona,10am-noon or 1-3pm (between the morning and evening rush),,personal trainer,Solo 1:1 trainer. Yelp listing only. Likely Small tier.,"rechecked again Sept 28 evening: still open, phone confirmed, no website of its own"
35,training,FIT Studio,(505) 298-8949,Albuquerque,NM,Mountain,10am-noon or 1-3pm (between the morning and evening rush),3455 Princeton Dr NE,personal training studio,Open since 2016. 5.0 on 8 reviews. WellnessLiving booking page only,"rechecked again Sept 28 evening: still open, phone confirmed, no website of its own"
36,training,Kahle's Gym,(575) 644-5415,Las Cruces,NM,Mountain,10am-noon or 1-3pm (between the morning and evening rush),100 Wyatt Dr Ste D,gym,Owner Richard Kahle. Facebook only,"rechecked again Sept 28 evening: still open, phone confirmed, no website of its own"
37,training,STR3NGTH Fitness,(325) 665-9244,Abilene,TX,Central,10am-noon or 1-3pm (between the morning and evening rush),2526 S 7th St,personal training,Personal training only. also does cancer survivor training,"rechecked again Sept 28 evening: still open, phone confirmed, no website of its own"
38,training,Fierce Fitness,(580) 574-5399,Lawton,OK,Central,10am-noon or 1-3pm (between the morning and evening rush),,women's studio,Mandy Harris. Women's studio. now at 3301 SW Summit Ave Ste 4; Fresha booking page only,"rechecked again Sept 28 evening: still open, phone confirmed, no website of its own"
39,training,Fit For Life,(580) 595-9510,Lawton,OK,Central,10am-noon or 1-3pm (between the morning and evening rush),309 SW 9th St,"gym, personal training, boot camp",Open since 2006. Facebook only.,"rechecked again Sept 28 evening: still open, phone confirmed, no website of its own"
40,training,Texas Strength Syndicate,(432) 214-4186,Midland,TX,Central,10am-noon or 1-3pm (between the morning and evening rush),3103 Haynes Dr,"private gym, personal training","Certified trainer, 7+ years. Facebook only. trainer Moses Ruiz","rechecked again Sept 28 evening: still open, phone confirmed, no website of its own"
41,training,Gladiator Boxing Club,(432) 661-9521,Odessa,TX,Central,10am-noon or 1-3pm (between the morning and evening rush),1301 W 10th St,boxing gym,"Ages 7 and up, $150 a month. Classes 5 to 8pm, so call before 4pm. Facebook only.","rechecked again Sept 28 evening: still open, phone confirmed, no website of its own"
42,training,Right Cross Boxing Gym,(806) 701-9272,Lubbock,TX,Central,10am-noon or 1-3pm (between the morning and evening rush),5102 60th St Ste K,boxing gym,"Trainer Terry Washington, 25+ years, since 2010. On the news for boxing classes for people with Parkinson's. Facebook only.","rechecked again Sept 28 evening: still open, phone confirmed, no website of its own"
43,tutoring,Sanchez Tutoring Services,(559) 759-8068,Visalia,CA,Pacific,11am-1pm (before students arrive),,private tutor,Yelp listing only. Likely Small tier.,"rechecked again Sept 28 evening: still open, phone confirmed, no website of its own"
44,tutoring,The Study Zone and Resource Center,(209) 279-4660,Stockton,CA,Pacific,11am-1pm (before students arrive),7919 Montgomery Ave,learning center,Open since 2002.,"rechecked again Sept 28 evening: still open, phone confirmed, no website of its own"
45,tutoring,A.M. Johnson Private Tutoring,(760) 243-2315,Victorville,CA,Pacific,11am-1pm (before students arrive),,"private tutor, test prep","Annetta Johnson, credentialed teacher, since 1989. Her own listing says word of mouth has been the mainstay. SAT, GED, dyslexia and ADHD testing. LinkedIn only","rechecked again Sept 28 evening: still open, phone confirmed, no website of its own"
46,tutoring,A-Plus Tutor,(928) 782-1514,Yuma,AZ,Arizona,11am-1pm (before students arrive),250 W 24th St,tutoring,Yelp listing only.,"rechecked again Sept 28 evening: still open, phone confirmed, no website of its own"
47,tutoring,Tutoring U,(915) 228-8532,El Paso,TX,Mountain,11am-1pm (before students arrive),3430 Hondo Pass Dr,"tutoring, test prep","Open since 2012. All ages, test prep and enrichment.","rechecked again Sept 28 evening: still open, phone confirmed, no website of its own"
48,tutoring,A Touch of Class Tutoring,(707) 889-2118,Kuna,ID,Mountain,11am-1pm (before students arrive),,"tutoring, IEP and 504 advocacy","22 years. Sits in on IEP and 504 meetings. California area code, likely a cell.","rechecked again Sept 28 evening: still open, phone confirmed, no website of its own"
