niche,business,phone,city,state,timezone,call_window_their_time,street,trade,notes,website_check
tree,Wright Away Tree Service,(806) 318-1111,Amarillo,TX,Central,7-8am or 4-6pm,4114 S Polk St,"tree trimming, removal, stump removal, firewood","Owner Dave Wright, retired Marine officer, 20 years' service. Est. 2011. 4.8 stars across 23 reviews (Birdeye). On HomeAdvisor, so already paying for leads. Nextdoor, Facebook, BBB, Yelp, Manta. No own website found.","EMPTY DOMAIN: owns wrightawaytreeservice.com, placeholder page. rechecked Sept 28 2026: name + 'website' searched, every result scanned for a domain of its own. Google listing itself not viewable from here"
tree,Thompson's Tree Service,(806) 340-0288,Amarillo,TX,Central,7-8am or 4-6pm,113 SE 18th Ave,"tree trimming, removal, sod, shrubs","Owner Lee Thompson. Started 1970, BBB A+. Angi, BBB, Yelp, Yellow Pages. No own website found. A different Thompson's Landscape & Tree exists in Amarillo, so name confusion is a hook.","UNSURE: a localsearch page for Thompson's Landscape & Tree Experts (maybe a different company) could be what Google links. rechecked Sept 28 2026: name + 'website' searched, every result scanned for a domain of its own. Google listing itself not viewable from here"
tree,Cortez Tree & Yard Service,(419) 418-4942,Toledo,OH,Eastern,7-8am or 4-6pm,,"tree, lawn, brush haul, mulching",Facebook only. HAS EMAIL: corteztreeservice0@gmail.com. (corteztreeservice.us belongs to an unrelated Fort Worth company — they are losing name searches to it.),"UNSURE: a Cortez Tree Service in Toledo has corteztreeservice.us; may be theirs. rechecked Sept 28 2026: name + 'website' searched, every result scanned for a domain of its own. Google listing itself not viewable from here"
tree,Stride's Tree Service & Stump Removal,(330) 757-7617,Youngstown,OH,Eastern,7-8am or 4-6pm,6484 Tara Dr,"tree service, stump grinding, firewood",RENTED MICROSITE. Their 'website' is stridestreeserviceandstumpremoval.localsearch.com — a directory page they do not own. Established 2000. Second number listed as (234) 338-0073; confirm which is live.,"RENTED: stridestreeserviceandstumpremoval.localsearch.com; owner John Stride. rechecked Sept 28 2026: name + 'website' searched, every result scanned for a domain of its own. Google listing itself not viewable from here"
tree,Total Tree Service,(865) 315-7988,Knoxville,TN,Eastern,7-8am or 4-6pm,6338 Flint Gap Rd,tree service,Directory listings only. Knoxville's top-ranked tree companies all have sites and outrank them.,"OLD SITE: my-trees.tripod.com and totaltreeservice.info listed. rechecked Sept 28 2026: name + 'website' searched, every result scanned for a domain of its own. Google listing itself not viewable from here"
auto,Mechanic Shop El Michoacano,(818) 899-4114,Pacoima,CA,Pacific,10-11:30am or 1:30-3:30pm (never at drop-off or pickup),9971 San Fernando Rd,general repair,"Family owned, est. 2006. BROKEN LINK: its only site was a free Google business.site page, and Google shut those down in 2024. 5.0 stars on 3 reviews.","BROKEN LINK: el-michoacano-auto-repair.business.site, dead since Google shut those down in 2024. rechecked Sept 28 2026: name + 'website' searched, every result scanned for a domain of its own. Google listing itself not viewable from here"
auto,Edgar's Auto Shop,(818) 786-5147,Van Nuys,CA,Pacific,10-11:30am or 1:30-3:30pm (never at drop-off or pickup),7330 Van Nuys Blvd Ste 8,general repair,"Owner Edgar, 24 years. Mixed reviews, so the review program is the pitch. No own website found.","UNSURE: auto-generated page edgars-auto-shop.jany.io / .edan.io; not built by him. rechecked Sept 28 2026: name + 'website' searched, every result scanned for a domain of its own. Google listing itself not viewable from here"
auto,Arturo's Auto Repair,(818) 896-9859,Pacoima,CA,Pacific,10-11:30am or 1:30-3:30pm (never at drop-off or pickup),13123 Paxton St,general repair,"10+ years, motors and transmissions. 3.5 on 3 Yelp reviews, higher elsewhere. Cash and check. No own website found. Lowest priority.","RENTED: arturosautorepair.localsearch.com. rechecked Sept 28 2026: name + 'website' searched, every result scanned for a domain of its own. Google listing itself not viewable from here"
auto,Young's Automotive,(806) 353-4113,Amarillo,TX,Central,10-11:30am or 1:30-3:30pm (never at drop-off or pickup),6640 Canyon Dr,general repair,"Owner Anthony Young. Since 1992, BBB accredited. 5.0 on 20 CARFAX reviews, Nextdoor favorite. NAPA AutoCare member, so NAPA may pitch them too. No own website found.","UNSURE: NAPA AutoCare member, Google may link the NAPA page. rechecked Sept 28 2026: name + 'website' searched, every result scanned for a domain of its own. Google listing itself not viewable from here"
auto,Automotive Maintenance & Repair,(316) 945-3700,Wichita,KS,Central,10-11:30am or 1:30-3:30pm (never at drop-off or pickup),1831 Southwest Blvd,general repair,"4.9 stars on 83 reviews. Appointment by phone only. Only a free directory page, no own website found.","UNSURE: old domain automotivemaintenancemachine.com referenced, plus an auto-generated edan.io page. rechecked Sept 28 2026: name + 'website' searched, every result scanned for a domain of its own. Google listing itself not viewable from here"
training,Bullpen Boxing Club,(559) 341-1464,Fresno,CA,Pacific,10am-noon or 1-3pm (between the morning and evening rush),,boxing gym,Owner Christian E. USA Boxing certified.,"UNSURE: bullpenboxing-hub.com listed as website. rechecked Sept 28 2026: name + 'website' searched, every result scanned for a domain of its own. Google listing itself not viewable from here"
training,Lone Star Strength,(910) 257-9506,Lubbock,TX,Central,10am-noon or 1-3pm (between the morning and evening rush),8901 Hwy 87 Ste 105,strength gym,"Owner Carlos. Out-of-state area code, likely his cell.","RENTED: lonestarstrengthtx.localsearch.com. rechecked Sept 28 2026: name + 'website' searched, every result scanned for a domain of its own. Google listing itself not viewable from here"
training,Midland Pound 4 Pound Boxing Academy,(432) 664-4035,Midland,TX,Central,10am-noon or 1-3pm (between the morning and evening rush),1408 Garden City Hwy,boxing gym,Ask for Carlos. Runs amateur fight nights at the Bush Convention Center. Facebook and Instagram only.,"UNSURE: pound4poundboxing.com may be theirs. rechecked Sept 28 2026: name + 'website' searched, every result scanned for a domain of its own. Google listing itself not viewable from here"
tutoring,The Professor Tutoring,(405) 563-0414,Oklahoma City,OK,Central,11am-1pm (before students arrive),9109 N Council,"tutoring, test prep","Dr. Brian Perryman, Ed.D, since 1989. HOOK: his only site is a free blog at theprofessortutoring.wordpress.com.","FREE BLOG: theprofessortutoring.wordpress.com. rechecked Sept 28 2026: name + 'website' searched, every result scanned for a domain of its own. Google listing itself not viewable from here"
