rank,niche,business,phone,city,state,timezone,call_window_their_time,street,trade,notes,website_check
1,training,Felix Fitness Personal Training,(305) 926-2618,Burbank,CA,Pacific,10am-noon or 1-3pm (between the morning and evening rush),,personal training studio,"Owner Mal Felix. Open since 2017, 25 Yelp reviews. Out-of-state area code, so this is likely his cell. only an ipersonaltrainer.net profile","none found. rechecked Sept 28 2026: name + 'website' searched, every result scanned for a domain of its own. Google listing itself not viewable from here"
2,training,Rodriguez Boxing Gym,(661) 401-5338,Bakersfield,CA,Pacific,10am-noon or 1-3pm (between the morning and evening rush),,boxing gym,Diego Rodriguez. Open since 2022. some directories show (323) 963-1035; try both,"none found. rechecked Sept 28 2026: name + 'website' searched, every result scanned for a domain of its own. Google listing itself not viewable from here"
3,training,Victory Boxing Studios,(661) 379-2793,Bakersfield,CA,Pacific,10am-noon or 1-3pm (between the morning and evening rush),,boxing gym,Coaches Oscar and Lee. Mindbody and WellnessLiving booking pages only,"none found. rechecked Sept 28 2026: name + 'website' searched, every result scanned for a domain of its own. Google listing itself not viewable from here"
4,training,Personal Trainer Darryl Prophet,(928) 509-2660,Yuma,AZ,Arizona,10am-noon or 1-3pm (between the morning and evening rush),,personal trainer,Solo 1:1 trainer. Yelp listing only. Likely Small tier.,"none found. rechecked Sept 28 2026: name + 'website' searched, every result scanned for a domain of its own. Google listing itself not viewable from here"
5,training,FIT Studio,(505) 298-8949,Albuquerque,NM,Mountain,10am-noon or 1-3pm (between the morning and evening rush),,personal training studio,Open since 2016. 5.0 on 8 reviews. WellnessLiving booking page only,"none found. rechecked Sept 28 2026: name + 'website' searched, every result scanned for a domain of its own. Google listing itself not viewable from here"
6,training,Kahle's Gym,(575) 644-5415,Las Cruces,NM,Mountain,10am-noon or 1-3pm (between the morning and evening rush),,gym,Owner Richard Kahle. Facebook only,"none found. rechecked Sept 28 2026: name + 'website' searched, every result scanned for a domain of its own. Google listing itself not viewable from here"
7,training,STR3NGTH Fitness,(325) 665-9244,Abilene,TX,Central,10am-noon or 1-3pm (between the morning and evening rush),,personal training,Personal training only. also does cancer survivor training,"none found. rechecked Sept 28 2026: name + 'website' searched, every result scanned for a domain of its own. Google listing itself not viewable from here"
8,training,Fierce Fitness,(580) 574-5399,Lawton,OK,Central,10am-noon or 1-3pm (between the morning and evening rush),,women's studio,Mandy Harris. Women's studio. now at 3301 SW Summit Ave Ste 4; Fresha booking page only,"none found. rechecked Sept 28 2026: name + 'website' searched, every result scanned for a domain of its own. Google listing itself not viewable from here"
9,training,Fit For Life,(580) 595-9510,Lawton,OK,Central,10am-noon or 1-3pm (between the morning and evening rush),309 SW 9th St,"gym, personal training, boot camp",Open since 2006. Facebook only.,"none found. rechecked Sept 28 2026: name + 'website' searched, every result scanned for a domain of its own. Google listing itself not viewable from here"
10,training,Texas Strength Syndicate,(432) 214-4186,Midland,TX,Central,10am-noon or 1-3pm (between the morning and evening rush),3103 Haynes Dr,"private gym, personal training","Certified trainer, 7+ years. Facebook only. trainer Moses Ruiz","none found. rechecked Sept 28 2026: name + 'website' searched, every result scanned for a domain of its own. Google listing itself not viewable from here"
11,training,Gladiator Boxing Club,(432) 661-9521,Odessa,TX,Central,10am-noon or 1-3pm (between the morning and evening rush),1301 W 10th St,boxing gym,"Ages 7 and up, $150 a month. Classes 5 to 8pm, so call before 4pm. Facebook only.","none found. rechecked Sept 28 2026: name + 'website' searched, every result scanned for a domain of its own. Google listing itself not viewable from here"
12,training,Right Cross Boxing Gym,(806) 701-9272,Lubbock,TX,Central,10am-noon or 1-3pm (between the morning and evening rush),5102 60th St Ste K,boxing gym,"Trainer Terry Washington, 25+ years, since 2010. On the news for boxing classes for people with Parkinson's. Facebook only.","none found. rechecked Sept 28 2026: name + 'website' searched, every result scanned for a domain of its own. Google listing itself not viewable from here"
13,training,Buhawe Fighting Alliance,(559) 349-5811,Fresno,CA,Pacific,10am-noon or 1-3pm (between the morning and evening rush),149 Fulton St,"boxing, muay thai, MMA","Coach Jasper Tayaba. Muay Thai and MMA, kids class Saturdays. Facebook and Tapology only.","none found. rechecked Sept 28 2026: name + 'website' searched, every result scanned for a domain of its own. Google listing itself not viewable from here"
